<favourites>
	<favourite name="NBA League Pass 1" thumb="http://portal.iptvprivateserver.tv/stalker_portal/misc/logos/320/3034.png">PlayMedia(&quot;plugin://plugin.video.i4atv/?tmp=1&amp;genre_name=%5B%27All%27%5D&amp;title=NBA+League+Pass+1&amp;cmd=ffrt2+http%3A%2F%2Flocalhost%2Fch%2F8576&amp;portal=%7B%22name%22%3A+%22SERVER9%22%2C+%22parental%22%3A+%22false%22%2C+%22url%22%3A+%22http%3A%2F%2Fportal.iptvprivateserver.tv%22%2C+%22mac%22%3A+%2200%3A1A%3A79%3A93%3A00%3A00%22%2C+%22serial%22%3A+%7B%22custom%22%3A+false%7D%2C+%22password%22%3A+%220000%22%7D&amp;mode=play&amp;logo_url=http%3A%2F%2Fportal.iptvprivateserver.tv%2Fstalker_portal%2Fmisc%2Flogos%2F320%2F3034.png&amp;sf_options=winID%3D10025%26_options_sf&quot;)</favourite>
	<favourite name="NBA League Pass 2" thumb="http://portal.iptvprivateserver.tv/stalker_portal/misc/logos/320/3036.png">PlayMedia(&quot;plugin://plugin.video.i4atv/?tmp=1&amp;genre_name=%5B%27All%27%5D&amp;title=NBA+League+Pass+2&amp;cmd=ffrt2+http%3A%2F%2Flocalhost%2Fch%2F8581&amp;portal=%7B%22name%22%3A+%22SERVER9%22%2C+%22parental%22%3A+%22false%22%2C+%22url%22%3A+%22http%3A%2F%2Fportal.iptvprivateserver.tv%22%2C+%22mac%22%3A+%2200%3A1A%3A79%3A93%3A00%3A00%22%2C+%22serial%22%3A+%7B%22custom%22%3A+false%7D%2C+%22password%22%3A+%220000%22%7D&amp;mode=play&amp;logo_url=http%3A%2F%2Fportal.iptvprivateserver.tv%2Fstalker_portal%2Fmisc%2Flogos%2F320%2F3036.png&amp;sf_options=winID%3D10025%26_options_sf&quot;)</favourite>
	<favourite name="NBA League Pass 3" thumb="http://portal.iptvprivateserver.tv/stalker_portal/misc/logos/320/3041.png">PlayMedia(&quot;plugin://plugin.video.i4atv/?tmp=1&amp;genre_name=%5B%27All%27%5D&amp;title=NBA+League+Pass+3&amp;cmd=ffrt2+http%3A%2F%2Flocalhost%2Fch%2F8586&amp;portal=%7B%22name%22%3A+%22SERVER9%22%2C+%22parental%22%3A+%22false%22%2C+%22url%22%3A+%22http%3A%2F%2Fportal.iptvprivateserver.tv%22%2C+%22mac%22%3A+%2200%3A1A%3A79%3A93%3A00%3A00%22%2C+%22serial%22%3A+%7B%22custom%22%3A+false%7D%2C+%22password%22%3A+%220000%22%7D&amp;mode=play&amp;logo_url=http%3A%2F%2Fportal.iptvprivateserver.tv%2Fstalker_portal%2Fmisc%2Flogos%2F320%2F3041.png&amp;sf_options=winID%3D10025%26_options_sf&quot;)</favourite>
	<favourite name="NBA League Pass 4" thumb="http://portal.iptvprivateserver.tv/stalker_portal/misc/logos/320/3046.png">PlayMedia(&quot;plugin://plugin.video.i4atv/?tmp=1&amp;genre_name=%5B%27All%27%5D&amp;title=NBA+League+Pass+4&amp;cmd=ffrt2+http%3A%2F%2Flocalhost%2Fch%2F8591&amp;portal=%7B%22name%22%3A+%22SERVER9%22%2C+%22parental%22%3A+%22false%22%2C+%22url%22%3A+%22http%3A%2F%2Fportal.iptvprivateserver.tv%22%2C+%22mac%22%3A+%2200%3A1A%3A79%3A93%3A00%3A00%22%2C+%22serial%22%3A+%7B%22custom%22%3A+false%7D%2C+%22password%22%3A+%220000%22%7D&amp;mode=play&amp;logo_url=http%3A%2F%2Fportal.iptvprivateserver.tv%2Fstalker_portal%2Fmisc%2Flogos%2F320%2F3046.png&amp;sf_options=winID%3D10025%26_options_sf&quot;)</favourite>
	<favourite name="NBA League Pass 5" thumb="http://portal.iptvprivateserver.tv/stalker_portal/misc/logos/320/3051.png">PlayMedia(&quot;plugin://plugin.video.i4atv/?tmp=1&amp;genre_name=%5B%27All%27%5D&amp;title=NBA+League+Pass+5&amp;cmd=ffrt2+http%3A%2F%2Flocalhost%2Fch%2F8594&amp;portal=%7B%22name%22%3A+%22SERVER9%22%2C+%22parental%22%3A+%22false%22%2C+%22url%22%3A+%22http%3A%2F%2Fportal.iptvprivateserver.tv%22%2C+%22mac%22%3A+%2200%3A1A%3A79%3A93%3A00%3A00%22%2C+%22serial%22%3A+%7B%22custom%22%3A+false%7D%2C+%22password%22%3A+%220000%22%7D&amp;mode=play&amp;logo_url=http%3A%2F%2Fportal.iptvprivateserver.tv%2Fstalker_portal%2Fmisc%2Flogos%2F320%2F3051.png&amp;sf_options=winID%3D10025%26_options_sf&quot;)</favourite>
	<favourite name="NBA League Pass 6" thumb="http://portal.iptvprivateserver.tv/stalker_portal/misc/logos/320/3056.png">PlayMedia(&quot;plugin://plugin.video.i4atv/?tmp=1&amp;genre_name=%5B%27All%27%5D&amp;title=NBA+League+Pass+6&amp;cmd=ffrt2+http%3A%2F%2Flocalhost%2Fch%2F8599&amp;portal=%7B%22name%22%3A+%22SERVER9%22%2C+%22parental%22%3A+%22false%22%2C+%22url%22%3A+%22http%3A%2F%2Fportal.iptvprivateserver.tv%22%2C+%22mac%22%3A+%2200%3A1A%3A79%3A93%3A00%3A00%22%2C+%22serial%22%3A+%7B%22custom%22%3A+false%7D%2C+%22password%22%3A+%220000%22%7D&amp;mode=play&amp;logo_url=http%3A%2F%2Fportal.iptvprivateserver.tv%2Fstalker_portal%2Fmisc%2Flogos%2F320%2F3056.png&amp;sf_options=winID%3D10025%26_options_sf&quot;)</favourite>
</favourites>