<favourites>
	<favourite name="NFL Sunday Ticket 1" thumb="http://portal.iptvprivateserver.tv/stalker_portal/misc/logos/320/3009.png">PlayMedia(&quot;plugin://plugin.video.i4atv/?tmp=1&amp;genre_name=%5B%27All%27%5D&amp;title=NFL+Sunday+Ticket+1&amp;cmd=ffrt2+http%3A%2F%2Flocalhost%2Fch%2F8494&amp;portal=%7B%22name%22%3A+%22SERVER9%22%2C+%22parental%22%3A+%22false%22%2C+%22url%22%3A+%22http%3A%2F%2Fportal.iptvprivateserver.tv%22%2C+%22mac%22%3A+%2200%3A1A%3A79%3A93%3A00%3A00%22%2C+%22serial%22%3A+%7B%22custom%22%3A+false%7D%2C+%22password%22%3A+%220000%22%7D&amp;mode=play&amp;logo_url=http%3A%2F%2Fportal.iptvprivateserver.tv%2Fstalker_portal%2Fmisc%2Flogos%2F320%2F3009.png&amp;sf_options=winID%3D10025%26_options_sf&quot;)</favourite>
	<favourite name="NFL Sunday Ticket 2" thumb="http://portal.iptvprivateserver.tv/stalker_portal/misc/logos/320/3011.png">PlayMedia(&quot;plugin://plugin.video.i4atv/?tmp=1&amp;genre_name=%5B%27All%27%5D&amp;title=NFL+Sunday+Ticket+2&amp;cmd=ffrt2+http%3A%2F%2Flocalhost%2Fch%2F8496&amp;portal=%7B%22name%22%3A+%22SERVER9%22%2C+%22parental%22%3A+%22false%22%2C+%22url%22%3A+%22http%3A%2F%2Fportal.iptvprivateserver.tv%22%2C+%22mac%22%3A+%2200%3A1A%3A79%3A93%3A00%3A00%22%2C+%22serial%22%3A+%7B%22custom%22%3A+false%7D%2C+%22password%22%3A+%220000%22%7D&amp;mode=play&amp;logo_url=http%3A%2F%2Fportal.iptvprivateserver.tv%2Fstalker_portal%2Fmisc%2Flogos%2F320%2F3011.png&amp;sf_options=winID%3D10025%26_options_sf&quot;)</favourite>
	<favourite name="NFL Sunday Ticket 3" thumb="http://portal.iptvprivateserver.tv/stalker_portal/misc/logos/320/3014.png">PlayMedia(&quot;plugin://plugin.video.i4atv/?tmp=1&amp;genre_name=%5B%27All%27%5D&amp;title=NFL+Sunday+Ticket+3&amp;cmd=ffrt2+http%3A%2F%2Flocalhost%2Fch%2F8499&amp;portal=%7B%22name%22%3A+%22SERVER9%22%2C+%22parental%22%3A+%22false%22%2C+%22url%22%3A+%22http%3A%2F%2Fportal.iptvprivateserver.tv%22%2C+%22mac%22%3A+%2200%3A1A%3A79%3A93%3A00%3A00%22%2C+%22serial%22%3A+%7B%22custom%22%3A+false%7D%2C+%22password%22%3A+%220000%22%7D&amp;mode=play&amp;logo_url=http%3A%2F%2Fportal.iptvprivateserver.tv%2Fstalker_portal%2Fmisc%2Flogos%2F320%2F3014.png&amp;sf_options=winID%3D10025%26_options_sf&quot;)</favourite>
	<favourite name="NFL Sunday Ticket 4" thumb="http://portal.iptvprivateserver.tv/stalker_portal/misc/logos/320/3016.png">PlayMedia(&quot;plugin://plugin.video.i4atv/?tmp=1&amp;genre_name=%5B%27All%27%5D&amp;title=NFL+Sunday+Ticket+4&amp;cmd=ffrt2+http%3A%2F%2Flocalhost%2Fch%2F8501&amp;portal=%7B%22name%22%3A+%22SERVER9%22%2C+%22parental%22%3A+%22false%22%2C+%22url%22%3A+%22http%3A%2F%2Fportal.iptvprivateserver.tv%22%2C+%22mac%22%3A+%2200%3A1A%3A79%3A93%3A00%3A00%22%2C+%22serial%22%3A+%7B%22custom%22%3A+false%7D%2C+%22password%22%3A+%220000%22%7D&amp;mode=play&amp;logo_url=http%3A%2F%2Fportal.iptvprivateserver.tv%2Fstalker_portal%2Fmisc%2Flogos%2F320%2F3016.png&amp;sf_options=winID%3D10025%26_options_sf&quot;)</favourite>
	<favourite name="NFL Sunday Ticket 5" thumb="http://portal.iptvprivateserver.tv/stalker_portal/misc/logos/320/3021.png">PlayMedia(&quot;plugin://plugin.video.i4atv/?tmp=1&amp;genre_name=%5B%27All%27%5D&amp;title=NFL+Sunday+Ticket+5&amp;cmd=ffrt2+http%3A%2F%2Flocalhost%2Fch%2F8506&amp;portal=%7B%22name%22%3A+%22SERVER9%22%2C+%22parental%22%3A+%22false%22%2C+%22url%22%3A+%22http%3A%2F%2Fportal.iptvprivateserver.tv%22%2C+%22mac%22%3A+%2200%3A1A%3A79%3A93%3A00%3A00%22%2C+%22serial%22%3A+%7B%22custom%22%3A+false%7D%2C+%22password%22%3A+%220000%22%7D&amp;mode=play&amp;logo_url=http%3A%2F%2Fportal.iptvprivateserver.tv%2Fstalker_portal%2Fmisc%2Flogos%2F320%2F3021.png&amp;sf_options=winID%3D10025%26_options_sf&quot;)</favourite>
	<favourite name="NFL Sunday Ticket 6" thumb="http://portal.iptvprivateserver.tv/stalker_portal/misc/logos/320/3026.png">PlayMedia(&quot;plugin://plugin.video.i4atv/?tmp=1&amp;genre_name=%5B%27All%27%5D&amp;title=NFL+Sunday+Ticket+6&amp;cmd=ffrt2+http%3A%2F%2Flocalhost%2Fch%2F8511&amp;portal=%7B%22name%22%3A+%22SERVER9%22%2C+%22parental%22%3A+%22false%22%2C+%22url%22%3A+%22http%3A%2F%2Fportal.iptvprivateserver.tv%22%2C+%22mac%22%3A+%2200%3A1A%3A79%3A93%3A00%3A00%22%2C+%22serial%22%3A+%7B%22custom%22%3A+false%7D%2C+%22password%22%3A+%220000%22%7D&amp;mode=play&amp;logo_url=http%3A%2F%2Fportal.iptvprivateserver.tv%2Fstalker_portal%2Fmisc%2Flogos%2F320%2F3026.png&amp;sf_options=winID%3D10025%26_options_sf&quot;)</favourite>
	<favourite name="NFL Sunday Ticket 7" thumb="http://portal.iptvprivateserver.tv/stalker_portal/misc/logos/320/3031.png">PlayMedia(&quot;plugin://plugin.video.i4atv/?tmp=1&amp;genre_name=%5B%27All%27%5D&amp;title=NFL+Sunday+Ticket+7&amp;cmd=ffrt2+http%3A%2F%2Flocalhost%2Fch%2F8516&amp;portal=%7B%22name%22%3A+%22SERVER9%22%2C+%22parental%22%3A+%22false%22%2C+%22url%22%3A+%22http%3A%2F%2Fportal.iptvprivateserver.tv%22%2C+%22mac%22%3A+%2200%3A1A%3A79%3A93%3A00%3A00%22%2C+%22serial%22%3A+%7B%22custom%22%3A+false%7D%2C+%22password%22%3A+%220000%22%7D&amp;mode=play&amp;logo_url=http%3A%2F%2Fportal.iptvprivateserver.tv%2Fstalker_portal%2Fmisc%2Flogos%2F320%2F3031.png&amp;sf_options=winID%3D10025%26_options_sf&quot;)</favourite>
</favourites>