<?xml version="1.0" encoding="UTF-8" standalone="yes"?>
<addon id="repository.ricks" name="Ricks Repo" version="1.0" provider-name="Rick">
	<extension point="xbmc.addon.repository" name="Simple Kodi">
		<info compressed="false">https://github.com/mediaphamous/repo/blob/master/Zips/addons.xml</info>
		<checksum>https://github.com/mediaphamous/repo/blob/master/Zips/addons.xml.md5</checksum>
		<datadir zip="true">https://github.com/mediaphamous/repo/tree/master/Zips</datadir>
	</extension>
	<extension point="xbmc.addon.metadata">
		<summary>Ricks Repo</summary>
		<description>Home of Ricks Build</description>
		<platform>all</platform>
	</extension>
</addon>

